x-axis,1
second,Volt
-250.0000E-09,+37.7537533641E-03
-249.5000E-09,-2.4472512305E-03
-249.0000E-09,-2.4472512305E-03
-248.5000E-09,-2.4472512305E-03
-248.0000E-09,+37.7537533641E-03
-247.5000E-09,+118.1557625532E-03
-247.0000E-09,+238.7587763369E-03
-246.5000E-09,+399.5627947151E-03
-246.0000E-09,+640.7688222825E-03
-245.5000E-09,+922.1758544444E-03
-245.0000E-09,+1.2437838912009E+00
-244.5000E-09,+1.6055929325520E+00
-244.0000E-09,+1.9674019739030E+00
-243.5000E-09,+2.3292110152541E+00
-243.0000E-09,+2.6910200566052E+00
-242.5000E-09,+2.9724270887672E+00
-242.0000E-09,+3.2136331163346E+00
-241.5000E-09,+3.3744371347128E+00
-241.0000E-09,+3.4950401484966E+00
-240.5000E-09,+3.5754421576857E+00
-240.0000E-09,+3.5754421576858E+00
-239.5000E-09,+3.5754421576858E+00
-239.0000E-09,+3.5754421576858E+00
-238.5000E-09,+3.5352411530912E+00
-238.0000E-09,+3.5352411530912E+00
-237.5000E-09,+3.4950401484967E+00
-237.0000E-09,+3.4950401484966E+00
-236.5000E-09,+3.4548391439021E+00
-236.0000E-09,+3.4548391439021E+00
-235.5000E-09,+3.4146381393075E+00
-235.0000E-09,+3.4146381393075E+00
-234.5000E-09,+3.3744371347130E+00
-234.0000E-09,+3.3744371347129E+00
-233.5000E-09,+3.3744371347129E+00
-233.0000E-09,+3.3342361301184E+00
-232.5000E-09,+3.2940351255238E+00
-232.0000E-09,+3.2940351255238E+00
-231.5000E-09,+3.2538341209293E+00
-231.0000E-09,+3.2538341209292E+00
-230.5000E-09,+3.2538341209292E+00
-230.0000E-09,+3.2940351255238E+00
-229.5000E-09,+3.2940351255238E+00
-229.0000E-09,+3.2940351255238E+00
-228.5000E-09,+3.2940351255238E+00
-228.0000E-09,+3.2940351255238E+00
-227.5000E-09,+3.2940351255238E+00
-227.0000E-09,+3.2940351255238E+00
-226.5000E-09,+3.2940351255238E+00
-226.0000E-09,+3.2940351255238E+00
-225.5000E-09,+3.2940351255238E+00
-225.0000E-09,+3.2538341209293E+00
-224.5000E-09,+3.2538341209292E+00
-224.0000E-09,+3.2538341209292E+00
-223.5000E-09,+3.2538341209292E+00
-223.0000E-09,+3.2538341209292E+00
-222.5000E-09,+3.2538341209292E+00
-222.0000E-09,+3.2940351255238E+00
-221.5000E-09,+3.2940351255238E+00
-221.0000E-09,+3.2940351255238E+00
-220.5000E-09,+3.2940351255238E+00
-220.0000E-09,+3.2940351255238E+00
-219.5000E-09,+3.3342361301184E+00
-219.0000E-09,+3.3342361301184E+00
-218.5000E-09,+3.3744371347129E+00
-218.0000E-09,+3.3744371347129E+00
-217.5000E-09,+3.3744371347129E+00
-217.0000E-09,+3.3744371347129E+00
-216.5000E-09,+3.3744371347129E+00
-216.0000E-09,+3.4146381393075E+00
-215.5000E-09,+3.4146381393075E+00
-215.0000E-09,+3.3744371347129E+00
-214.5000E-09,+3.3744371347129E+00
-214.0000E-09,+3.3744371347129E+00
-213.5000E-09,+3.3342361301184E+00
-213.0000E-09,+3.3342361301184E+00
-212.5000E-09,+3.2940351255238E+00
-212.0000E-09,+3.2940351255238E+00
-211.5000E-09,+3.2538341209292E+00
-211.0000E-09,+3.2136331163347E+00
-210.5000E-09,+3.2136331163347E+00
-210.0000E-09,+3.2136331163347E+00
-209.5000E-09,+3.2136331163347E+00
-209.0000E-09,+3.2136331163347E+00
-208.5000E-09,+3.2136331163347E+00
-208.0000E-09,+3.2136331163347E+00
-207.5000E-09,+3.1734321117401E+00
-207.0000E-09,+3.1332311071455E+00
-206.5000E-09,+3.0528290979563E+00
-206.0000E-09,+2.8920250795780E+00
-205.5000E-09,+2.6910200566052E+00
-205.0000E-09,+2.4498140290377E+00
-204.5000E-09,+2.1282059922812E+00
-204.0000E-09,+1.8065979555247E+00
-203.5000E-09,+1.4849899187681E+00
-203.0000E-09,+1.1231808774170E+00
-202.5000E-09,+761.3718360660E-03
-202.0000E-09,+439.7637993095E-03
-201.5000E-09,+158.3567671476E-03
-201.0000E-09,-42.6482558252E-03
-200.5000E-09,-203.4522742034E-03
-200.0000E-09,-283.8542833925E-03
-199.5000E-09,-324.0552879870E-03
-199.0000E-09,-324.0552879870E-03
-198.5000E-09,-324.0552879870E-03
-198.0000E-09,-283.8542833924E-03
-197.5000E-09,-283.8542833924E-03
-197.0000E-09,-243.6532787978E-03
-196.5000E-09,-203.4522742033E-03
-196.0000E-09,-203.4522742033E-03
-195.5000E-09,-163.2512696087E-03
-195.0000E-09,-163.2512696087E-03
-194.5000E-09,-163.2512696087E-03
-194.0000E-09,-123.0502650142E-03
-193.5000E-09,-123.0502650142E-03
-193.0000E-09,-123.0502650141E-03
-192.5000E-09,-82.8492604196E-03
-192.0000E-09,-82.8492604196E-03
-191.5000E-09,-42.6482558250E-03
-191.0000E-09,-2.4472512305E-03
-190.5000E-09,-2.4472512305E-03
-190.0000E-09,-2.4472512305E-03
-189.5000E-09,-2.4472512305E-03
-189.0000E-09,-2.4472512305E-03
-188.5000E-09,-2.4472512305E-03
-188.0000E-09,-2.4472512305E-03
-187.5000E-09,-2.4472512305E-03
-187.0000E-09,-2.4472512305E-03
-186.5000E-09,-2.4472512305E-03
-186.0000E-09,-2.4472512305E-03
-185.5000E-09,-2.4472512305E-03
-185.0000E-09,-2.4472512305E-03
-184.5000E-09,-2.4472512305E-03
-184.0000E-09,-42.6482558250E-03
-183.5000E-09,-42.6482558250E-03
-183.0000E-09,-42.6482558250E-03
-182.5000E-09,-42.6482558250E-03
-182.0000E-09,-42.6482558250E-03
-181.5000E-09,-42.6482558250E-03
-181.0000E-09,-42.6482558250E-03
-180.5000E-09,-42.6482558250E-03
-180.0000E-09,-42.6482558250E-03
-179.5000E-09,-42.6482558250E-03
-179.0000E-09,-42.6482558251E-03
-178.5000E-09,-82.8492604196E-03
-178.0000E-09,-82.8492604196E-03
-177.5000E-09,-82.8492604196E-03
-177.0000E-09,-82.8492604196E-03
-176.5000E-09,-82.8492604196E-03
-176.0000E-09,-82.8492604196E-03
-175.5000E-09,-82.8492604197E-03
-175.0000E-09,-123.0502650142E-03
-174.5000E-09,-123.0502650142E-03
-174.0000E-09,-123.0502650142E-03
-173.5000E-09,-123.0502650141E-03
-173.0000E-09,-82.8492604196E-03
-172.5000E-09,-82.8492604195E-03
-172.0000E-09,-42.6482558250E-03
-171.5000E-09,-42.6482558250E-03
-171.0000E-09,-2.4472512305E-03
-170.5000E-09,-2.4472512304E-03
-170.0000E-09,+37.7537533641E-03
-169.5000E-09,+37.7537533641E-03
-169.0000E-09,+37.7537533641E-03
-168.5000E-09,+37.7537533641E-03
-168.0000E-09,+37.7537533640E-03
-167.5000E-09,-2.4472512304E-03
-167.0000E-09,+37.7537533642E-03
-166.5000E-09,+77.9547579588E-03
-166.0000E-09,+158.3567671481E-03
-165.5000E-09,+278.9597809320E-03
-165.0000E-09,+479.9648039050E-03
-164.5000E-09,+761.3718360670E-03
-164.0000E-09,+1.0427788682290E+00
-163.5000E-09,+1.3643869049857E+00
-163.0000E-09,+1.7261959463367E+00
-162.5000E-09,+2.0880049876878E+00
-162.0000E-09,+2.4498140290388E+00
-161.5000E-09,+2.7714220657952E+00
-161.0000E-09,+3.0528290979570E+00
-160.5000E-09,+3.2538341209297E+00
-160.0000E-09,+3.4146381393078E+00
-159.5000E-09,+3.5352411530913E+00
-159.0000E-09,+3.5754421576859E+00
-158.5000E-09,+3.6156431622803E+00
-158.0000E-09,+3.6156431622802E+00
-157.5000E-09,+3.5754421576858E+00
-157.0000E-09,+3.5754421576856E+00
-156.5000E-09,+3.5352411530912E+00
-156.0000E-09,+3.5352411530911E+00
-155.5000E-09,+3.4950401484965E+00
-155.0000E-09,+3.4548391439019E+00
-154.5000E-09,+3.4146381393075E+00
-154.0000E-09,+3.4146381393074E+00
-153.5000E-09,+3.3744371347129E+00
-153.0000E-09,+3.3744371347128E+00
-152.5000E-09,+3.3342361301184E+00
-152.0000E-09,+3.3342361301182E+00
-151.5000E-09,+3.2940351255238E+00
-151.0000E-09,+3.2940351255238E+00
-150.5000E-09,+3.2940351255237E+00
-150.0000E-09,+3.2538341209292E+00
-149.5000E-09,+3.2538341209292E+00
-149.0000E-09,+3.2538341209292E+00
-148.5000E-09,+3.2538341209292E+00
-148.0000E-09,+3.2538341209292E+00
-147.5000E-09,+3.2538341209292E+00
-147.0000E-09,+3.2538341209292E+00
-146.5000E-09,+3.2538341209294E+00
-146.0000E-09,+3.2940351255238E+00
-145.5000E-09,+3.2940351255238E+00
-145.0000E-09,+3.2940351255238E+00
-144.5000E-09,+3.2940351255238E+00
-144.0000E-09,+3.2940351255238E+00
-143.5000E-09,+3.2940351255238E+00
-143.0000E-09,+3.2940351255238E+00
-142.5000E-09,+3.2940351255238E+00
-142.0000E-09,+3.2940351255238E+00
-141.5000E-09,+3.2940351255238E+00
-141.0000E-09,+3.2940351255238E+00
-140.5000E-09,+3.2940351255238E+00
-140.0000E-09,+3.2940351255238E+00
-139.5000E-09,+3.2940351255238E+00
-139.0000E-09,+3.2940351255238E+00
-138.5000E-09,+3.2940351255240E+00
-138.0000E-09,+3.3342361301184E+00
-137.5000E-09,+3.3342361301184E+00
-137.0000E-09,+3.3342361301184E+00
-136.5000E-09,+3.3342361301185E+00
-136.0000E-09,+3.3744371347129E+00
-135.5000E-09,+3.3744371347129E+00
-135.0000E-09,+3.3744371347129E+00
-134.5000E-09,+3.3744371347129E+00
-134.0000E-09,+3.3744371347128E+00
-133.5000E-09,+3.3342361301184E+00
-133.0000E-09,+3.3342361301184E+00
-132.5000E-09,+3.3342361301182E+00
-132.0000E-09,+3.2940351255238E+00
-131.5000E-09,+3.2940351255236E+00
-131.0000E-09,+3.2538341209292E+00
-130.5000E-09,+3.2538341209291E+00
-130.0000E-09,+3.2136331163347E+00
-129.5000E-09,+3.2136331163347E+00
-129.0000E-09,+3.2136331163347E+00
-128.5000E-09,+3.2136331163347E+00
-128.0000E-09,+3.2136331163347E+00
-127.5000E-09,+3.2136331163347E+00
-127.0000E-09,+3.2136331163347E+00
-126.5000E-09,+3.2136331163345E+00
-126.0000E-09,+3.1734321117399E+00
-125.5000E-09,+3.1332311071450E+00
-125.0000E-09,+3.0126280933612E+00
-124.5000E-09,+2.8518240749826E+00
-124.0000E-09,+2.6106180474152E+00
-123.5000E-09,+2.3694120198474E+00
-123.0000E-09,+2.0478039830909E+00
-122.5000E-09,+1.7261959463342E+00
-122.0000E-09,+1.3643869049833E+00
-121.5000E-09,+1.0427788682266E+00
-121.0000E-09,+680.9698268759E-03
-120.5000E-09,+399.5627947141E-03
-120.0000E-09,+158.3567671469E-03
-119.5000E-09,-42.6482558256E-03
-119.0000E-09,-163.2512696091E-03
-118.5000E-09,-243.6532787980E-03
-118.0000E-09,-283.8542833924E-03
-117.5000E-09,-283.8542833924E-03
-117.0000E-09,-283.8542833924E-03
-116.5000E-09,-283.8542833922E-03
-116.0000E-09,-243.6532787979E-03
-115.5000E-09,-243.6532787977E-03
-115.0000E-09,-203.4522742033E-03
-114.5000E-09,-203.4522742033E-03
-114.0000E-09,-203.4522742031E-03
-113.5000E-09,-163.2512696087E-03
-113.0000E-09,-163.2512696086E-03
-112.5000E-09,-123.0502650142E-03
-112.0000E-09,-123.0502650140E-03
-111.5000E-09,-82.8492604196E-03
-111.0000E-09,-82.8492604194E-03
-110.5000E-09,-42.6482558250E-03
-110.0000E-09,-42.6482558250E-03
-109.5000E-09,-42.6482558250E-03
-109.0000E-09,-42.6482558250E-03
-108.5000E-09,-42.6482558250E-03
-108.0000E-09,-42.6482558250E-03
-107.5000E-09,-42.6482558250E-03
-107.0000E-09,-42.6482558250E-03
-106.5000E-09,-42.6482558250E-03
-106.0000E-09,-42.6482558250E-03
-105.5000E-09,-42.6482558250E-03
-105.0000E-09,-42.6482558250E-03
-104.5000E-09,-42.6482558250E-03
-104.0000E-09,-42.6482558250E-03
-103.5000E-09,-42.6482558250E-03
-103.0000E-09,-42.6482558249E-03
-102.5000E-09,-2.4472512305E-03
-102.0000E-09,-2.4472512305E-03
-101.5000E-09,-2.4472512305E-03
-101.0000E-09,-2.4472512305E-03
-100.5000E-09,-2.4472512305E-03
-100.0000E-09,-2.4472512305E-03
-99.5000E-09,-2.4472512305E-03
-99.0000E-09,-2.4472512307E-03
-98.5000E-09,-42.6482558250E-03
-98.0000E-09,-42.6482558250E-03
-97.5000E-09,-42.6482558252E-03
-97.0000E-09,-82.8492604196E-03
-96.5000E-09,-82.8492604196E-03
-96.0000E-09,-82.8492604198E-03
-95.5000E-09,-123.0502650142E-03
-95.0000E-09,-123.0502650142E-03
-94.5000E-09,-123.0502650142E-03
-94.0000E-09,-123.0502650140E-03
-93.5000E-09,-82.8492604196E-03
-93.0000E-09,-82.8492604196E-03
-92.5000E-09,-82.8492604196E-03
-92.0000E-09,-82.8492604196E-03
-91.5000E-09,-82.8492604194E-03
-91.0000E-09,-42.6482558250E-03
-90.5000E-09,-42.6482558249E-03
-90.0000E-09,-2.4472512305E-03
-89.5000E-09,-2.4472512303E-03
-89.0000E-09,+37.7537533641E-03
-88.5000E-09,+37.7537533641E-03
-88.0000E-09,+37.7537533641E-03
-87.5000E-09,+37.7537533641E-03
-87.0000E-09,+37.7537533641E-03
-86.5000E-09,+37.7537533639E-03
-86.0000E-09,-2.4472512303E-03
-85.5000E-09,+37.7537533643E-03
-85.0000E-09,+77.9547579590E-03
-84.5000E-09,+158.3567671485E-03
-84.0000E-09,+319.1607855269E-03
-83.5000E-09,+520.1658084999E-03
-83.0000E-09,+761.3718360676E-03
-82.5000E-09,+1.0829798728241E+00
-82.0000E-09,+1.4045879095807E+00
-81.5000E-09,+1.7261959463373E+00
-81.0000E-09,+2.0880049876884E+00
-80.5000E-09,+2.4498140290393E+00
-80.0000E-09,+2.7714220657957E+00
-79.5000E-09,+3.0528290979573E+00
-79.0000E-09,+3.2538341209299E+00
-78.5000E-09,+3.4146381393078E+00
-78.0000E-09,+3.4950401484968E+00
-77.5000E-09,+3.5352411530914E+00
-77.0000E-09,+3.5754421576858E+00
-76.5000E-09,+3.5754421576858E+00
-76.0000E-09,+3.5754421576858E+00
-75.5000E-09,+3.5754421576856E+00
-75.0000E-09,+3.5352411530910E+00
-74.5000E-09,+3.4950401484966E+00
-74.0000E-09,+3.4950401484965E+00
-73.5000E-09,+3.4548391439021E+00
-73.0000E-09,+3.4548391439019E+00
-72.5000E-09,+3.4146381393075E+00
-72.0000E-09,+3.4146381393073E+00
-71.5000E-09,+3.3744371347129E+00
-71.0000E-09,+3.3744371347128E+00
-70.5000E-09,+3.3342361301184E+00
-70.0000E-09,+3.3342361301184E+00
-69.5000E-09,+3.3342361301184E+00
-69.0000E-09,+3.3342361301184E+00
-68.5000E-09,+3.3342361301184E+00
-68.0000E-09,+3.3342361301184E+00
-67.5000E-09,+3.3342361301184E+00
-67.0000E-09,+3.3342361301184E+00
-66.5000E-09,+3.3342361301184E+00
-66.0000E-09,+3.3342361301184E+00
-65.5000E-09,+3.3342361301184E+00
-65.0000E-09,+3.3342361301184E+00
-64.5000E-09,+3.3342361301184E+00
-64.0000E-09,+3.3342361301182E+00
-63.5000E-09,+3.2940351255238E+00
-63.0000E-09,+3.2940351255238E+00
-62.5000E-09,+3.2940351255238E+00
-62.0000E-09,+3.2940351255240E+00
-61.5000E-09,+3.3342361301182E+00
-61.0000E-09,+3.2940351255238E+00
-60.5000E-09,+3.2940351255238E+00
-60.0000E-09,+3.2940351255238E+00
-59.5000E-09,+3.2940351255238E+00
-59.0000E-09,+3.2940351255238E+00
-58.5000E-09,+3.2940351255238E+00
-58.0000E-09,+3.2940351255238E+00
-57.5000E-09,+3.2940351255240E+00
-57.0000E-09,+3.3342361301184E+00
-56.5000E-09,+3.3342361301184E+00
-56.0000E-09,+3.3342361301184E+00
-55.5000E-09,+3.3342361301185E+00
-55.0000E-09,+3.3744371347129E+00
-54.5000E-09,+3.3744371347129E+00
-54.0000E-09,+3.3744371347129E+00
-53.5000E-09,+3.3744371347129E+00
-53.0000E-09,+3.3744371347129E+00
-52.5000E-09,+3.3744371347129E+00
-52.0000E-09,+3.3744371347128E+00
-51.5000E-09,+3.3342361301184E+00
-51.0000E-09,+3.3342361301184E+00
-50.5000E-09,+3.3342361301182E+00
-50.0000E-09,+3.2940351255238E+00
-49.5000E-09,+3.2940351255237E+00
-49.0000E-09,+3.2538341209292E+00
-48.5000E-09,+3.2538341209291E+00
-48.0000E-09,+3.2136331163347E+00
-47.5000E-09,+3.2136331163347E+00
-47.0000E-09,+3.2136331163347E+00
-46.5000E-09,+3.2136331163347E+00
-46.0000E-09,+3.2136331163347E+00
-45.5000E-09,+3.2136331163347E+00
-45.0000E-09,+3.2136331163345E+00
-44.5000E-09,+3.1734321117398E+00
-44.0000E-09,+3.0930301025505E+00
-43.5000E-09,+2.9724270887667E+00
-43.0000E-09,+2.8116230703881E+00
-42.5000E-09,+2.5704170428205E+00
-42.0000E-09,+2.2890100106584E+00
-41.5000E-09,+1.9674019739018E+00
-41.0000E-09,+1.6055929325508E+00
-40.5000E-09,+1.2839848957942E+00
-40.0000E-09,+922.1758544432E-03
-39.5000E-09,+600.5678176869E-03
-39.0000E-09,+319.1607855251E-03
-38.5000E-09,+77.9547579580E-03
-38.0000E-09,-82.8492604201E-03
-37.5000E-09,-203.4522742036E-03
-37.0000E-09,-283.8542833926E-03
-36.5000E-09,-324.0552879870E-03
-36.0000E-09,-324.0552879870E-03
-35.5000E-09,-324.0552879870E-03
-35.0000E-09,-324.0552879868E-03
-34.5000E-09,-283.8542833924E-03
-34.0000E-09,-283.8542833923E-03
-33.5000E-09,-243.6532787977E-03
-33.0000E-09,-203.4522742033E-03
-32.5000E-09,-203.4522742031E-03
-32.0000E-09,-163.2512696087E-03
-31.5000E-09,-163.2512696086E-03
-31.0000E-09,-123.0502650142E-03
-30.5000E-09,-123.0502650140E-03
-30.0000E-09,-82.8492604196E-03
-29.5000E-09,-82.8492604195E-03
-29.0000E-09,-42.6482558250E-03
-28.5000E-09,-42.6482558250E-03
-28.0000E-09,-42.6482558250E-03
-27.5000E-09,-42.6482558250E-03
-27.0000E-09,-42.6482558250E-03
-26.5000E-09,-42.6482558250E-03
-26.0000E-09,-42.6482558250E-03
-25.5000E-09,-42.6482558250E-03
-25.0000E-09,-42.6482558250E-03
-24.5000E-09,-42.6482558250E-03
-24.0000E-09,-42.6482558250E-03
-23.5000E-09,-42.6482558250E-03
-23.0000E-09,-42.6482558250E-03
-22.5000E-09,-42.6482558250E-03
-22.0000E-09,-42.6482558250E-03
-21.5000E-09,-42.6482558249E-03
-21.0000E-09,-2.4472512305E-03
-20.5000E-09,-2.4472512305E-03
-20.0000E-09,-2.4472512305E-03
-19.5000E-09,-2.4472512305E-03
-19.0000E-09,-2.4472512305E-03
-18.5000E-09,-2.4472512306E-03
-18.0000E-09,-42.6482558250E-03
-17.5000E-09,-42.6482558250E-03
-17.0000E-09,-42.6482558250E-03
-16.5000E-09,-42.6482558250E-03
-16.0000E-09,-42.6482558250E-03
-15.5000E-09,-42.6482558252E-03
-15.0000E-09,-82.8492604196E-03
-14.5000E-09,-82.8492604196E-03
-14.0000E-09,-82.8492604196E-03
-13.5000E-09,-82.8492604196E-03
-13.0000E-09,-82.8492604196E-03
-12.5000E-09,-82.8492604196E-03
-12.0000E-09,-82.8492604196E-03
-11.5000E-09,-82.8492604196E-03
-11.0000E-09,-82.8492604196E-03
-10.5000E-09,-82.8492604196E-03
-10.0000E-09,-82.8492604195E-03
-9.5000E-09,-42.6482558250E-03
-9.0000E-09,-42.6482558250E-03
-8.5000E-09,-42.6482558249E-03
-8.0000E-09,-2.4472512303E-03
-7.5000E-09,+37.7537533641E-03
-7.0000E-09,+37.7537533642E-03
-6.5000E-09,+77.9547579587E-03
-6.0000E-09,+77.9547579587E-03
-5.5000E-09,+77.9547579587E-03
-5.0000E-09,+77.9547579587E-03
-4.5000E-09,+77.9547579587E-03
-4.0000E-09,+77.9547579590E-03
-3.5000E-09,+158.3567671481E-03
-3.0000E-09,+238.7587763375E-03
-2.5000E-09,+399.5627947159E-03
-2.0000E-09,+600.5678176891E-03
-1.5000E-09,+881.9748498512E-03
-1.0000E-09,+1.2035828866077E+00
-500.0E-12,+1.5251909233642E+00
+0.0E+00,+1.8467989601209E+00
+500.0E-12,+2.2086080014720E+00
+1.0000E-09,+2.5704170428227E+00
+1.5000E-09,+2.8518240749847E+00
+2.0000E-09,+3.1332311071463E+00
+2.5000E-09,+3.3342361301188E+00
+3.0000E-09,+3.4548391439024E+00
+3.5000E-09,+3.5352411530914E+00
+4.0000E-09,+3.5754421576858E+00
+4.5000E-09,+3.5754421576858E+00
+5.0000E-09,+3.5754421576856E+00
+5.5000E-09,+3.5352411530912E+00
+6.0000E-09,+3.5352411530912E+00
+6.5000E-09,+3.5352411530910E+00
+7.0000E-09,+3.4950401484966E+00
+7.5000E-09,+3.4950401484965E+00
+8.0000E-09,+3.4548391439021E+00
+8.5000E-09,+3.4548391439021E+00
+9.0000E-09,+3.4548391439019E+00
+9.5000E-09,+3.4146381393075E+00
+10.0000E-09,+3.4146381393073E+00
+10.5000E-09,+3.3744371347129E+00
+11.0000E-09,+3.3744371347128E+00
+11.5000E-09,+3.3342361301182E+00
+12.0000E-09,+3.2940351255238E+00
+12.5000E-09,+3.2940351255238E+00
+13.0000E-09,+3.2940351255238E+00
+13.5000E-09,+3.2940351255238E+00
+14.0000E-09,+3.2940351255238E+00
+14.5000E-09,+3.2940351255238E+00
+15.0000E-09,+3.2940351255238E+00
+15.5000E-09,+3.2940351255238E+00
+16.0000E-09,+3.2940351255238E+00
+16.5000E-09,+3.2940351255238E+00
+17.0000E-09,+3.2940351255238E+00
+17.5000E-09,+3.2940351255238E+00
+18.0000E-09,+3.2940351255238E+00
+18.5000E-09,+3.2940351255238E+00
+19.0000E-09,+3.2940351255238E+00
+19.5000E-09,+3.2940351255238E+00
+20.0000E-09,+3.2940351255238E+00
+20.5000E-09,+3.2940351255238E+00
+21.0000E-09,+3.2940351255238E+00
+21.5000E-09,+3.2940351255238E+00
+22.0000E-09,+3.2940351255238E+00
+22.5000E-09,+3.2940351255238E+00
+23.0000E-09,+3.2940351255238E+00
+23.5000E-09,+3.2940351255240E+00
+24.0000E-09,+3.3342361301184E+00
+24.5000E-09,+3.3342361301184E+00
+25.0000E-09,+3.3342361301184E+00
+25.5000E-09,+3.3342361301184E+00
+26.0000E-09,+3.3342361301185E+00
+26.5000E-09,+3.3744371347129E+00
+27.0000E-09,+3.3744371347129E+00
+27.5000E-09,+3.3744371347131E+00
+28.0000E-09,+3.4146381393075E+00
+28.5000E-09,+3.4146381393075E+00
+29.0000E-09,+3.4146381393073E+00
+29.5000E-09,+3.3744371347129E+00
+30.0000E-09,+3.3744371347129E+00
+30.5000E-09,+3.3744371347129E+00
+31.0000E-09,+3.3744371347128E+00
+31.5000E-09,+3.3342361301184E+00
+32.0000E-09,+3.3342361301182E+00
+32.5000E-09,+3.2940351255237E+00
+33.0000E-09,+3.2538341209292E+00
+33.5000E-09,+3.2538341209292E+00
+34.0000E-09,+3.2538341209291E+00
+34.5000E-09,+3.2136331163347E+00
+35.0000E-09,+3.2136331163347E+00
+35.5000E-09,+3.2136331163347E+00
+36.0000E-09,+3.2136331163347E+00
+36.5000E-09,+3.2136331163345E+00
+37.0000E-09,+3.1734321117398E+00
+37.5000E-09,+3.0930301025504E+00
+38.0000E-09,+2.9322260841721E+00
+38.5000E-09,+2.7714220657934E+00
+39.0000E-09,+2.4900150336314E+00
+39.5000E-09,+2.2086080014695E+00
+40.0000E-09,+1.9272009693072E+00
+40.5000E-09,+1.5653919279563E+00
+41.0000E-09,+1.2437838911996E+00
+41.5000E-09,+881.9748498487E-03
+42.0000E-09,+560.3668130923E-03
+42.5000E-09,+278.9597809305E-03
+43.0000E-09,+37.7537533635E-03
+43.5000E-09,-123.0502650145E-03
+44.0000E-09,-203.4522742036E-03
+44.5000E-09,-283.8542833926E-03
+45.0000E-09,-324.0552879870E-03
+45.5000E-09,-324.0552879870E-03
+46.0000E-09,-324.0552879870E-03
+46.5000E-09,-324.0552879868E-03
+47.0000E-09,-283.8542833923E-03
+47.5000E-09,-243.6532787979E-03
+48.0000E-09,-243.6532787977E-03
+48.5000E-09,-203.4522742033E-03
+49.0000E-09,-203.4522742031E-03
+49.5000E-09,-163.2512696087E-03
+50.0000E-09,-163.2512696086E-03
+50.5000E-09,-123.0502650140E-03
+51.0000E-09,-82.8492604196E-03
+51.5000E-09,-82.8492604195E-03
+52.0000E-09,-42.6482558250E-03
+52.5000E-09,-42.6482558249E-03
+53.0000E-09,-2.4472512305E-03
+53.5000E-09,-2.4472512305E-03
+54.0000E-09,-2.4472512306E-03
+54.5000E-09,-42.6482558250E-03
+55.0000E-09,-42.6482558250E-03
+55.5000E-09,-42.6482558250E-03
+56.0000E-09,-42.6482558250E-03
+56.5000E-09,-42.6482558250E-03
+57.0000E-09,-42.6482558250E-03
+57.5000E-09,-42.6482558250E-03
+58.0000E-09,-42.6482558250E-03
+58.5000E-09,-42.6482558250E-03
+59.0000E-09,-42.6482558250E-03
+59.5000E-09,-42.6482558249E-03
+60.0000E-09,-2.4472512305E-03
+60.5000E-09,-2.4472512305E-03
+61.0000E-09,-2.4472512305E-03
+61.5000E-09,-2.4472512305E-03
+62.0000E-09,-2.4472512303E-03
+62.5000E-09,+37.7537533639E-03
+63.0000E-09,-2.4472512305E-03
+63.5000E-09,-2.4472512305E-03
+64.0000E-09,-2.4472512306E-03
+64.5000E-09,-42.6482558250E-03
+65.0000E-09,-42.6482558250E-03
+65.5000E-09,-42.6482558252E-03
+66.0000E-09,-82.8492604196E-03
+66.5000E-09,-82.8492604198E-03
+67.0000E-09,-123.0502650142E-03
+67.5000E-09,-123.0502650142E-03
+68.0000E-09,-123.0502650142E-03
+68.5000E-09,-123.0502650142E-03
+69.0000E-09,-123.0502650142E-03
+69.5000E-09,-123.0502650142E-03
+70.0000E-09,-123.0502650140E-03
+70.5000E-09,-82.8492604196E-03
+71.0000E-09,-82.8492604196E-03
+71.5000E-09,-82.8492604195E-03
+72.0000E-09,-42.6482558250E-03
+72.5000E-09,-42.6482558249E-03
+73.0000E-09,-2.4472512303E-03
+73.5000E-09,+37.7537533641E-03
+74.0000E-09,+37.7537533641E-03
+74.5000E-09,+37.7537533641E-03
+75.0000E-09,+37.7537533641E-03
+75.5000E-09,+37.7537533641E-03
+76.0000E-09,+37.7537533641E-03
+76.5000E-09,+37.7537533641E-03
+77.0000E-09,+37.7537533642E-03
+77.5000E-09,+77.9547579589E-03
+78.0000E-09,+158.3567671482E-03
+78.5000E-09,+278.9597809320E-03
+79.0000E-09,+439.7637993106E-03
+79.5000E-09,+680.9698268781E-03
+80.0000E-09,+962.3768590402E-03
+80.5000E-09,+1.2839848957967E+00
+81.0000E-09,+1.6055929325534E+00
+81.5000E-09,+1.9674019739045E+00
+82.0000E-09,+2.3292110152555E+00
+82.5000E-09,+2.6910200566063E+00
+83.0000E-09,+2.9724270887681E+00
+83.5000E-09,+3.2136331163352E+00
+84.0000E-09,+3.3744371347134E+00
+84.5000E-09,+3.4950401484969E+00
+85.0000E-09,+3.5754421576858E+00
+85.5000E-09,+3.5754421576859E+00
+86.0000E-09,+3.6156431622802E+00
+86.5000E-09,+3.5754421576858E+00
+87.0000E-09,+3.5754421576856E+00
+87.5000E-09,+3.5352411530911E+00
+88.0000E-09,+3.4950401484966E+00
+88.5000E-09,+3.4950401484965E+00
+89.0000E-09,+3.4548391439021E+00
+89.5000E-09,+3.4548391439021E+00
+90.0000E-09,+3.4548391439021E+00
+90.5000E-09,+3.4548391439019E+00
+91.0000E-09,+3.4146381393075E+00
+91.5000E-09,+3.4146381393074E+00
+92.0000E-09,+3.3744371347129E+00
+92.5000E-09,+3.3744371347128E+00
+93.0000E-09,+3.3342361301184E+00
+93.5000E-09,+3.3342361301182E+00
+94.0000E-09,+3.2940351255238E+00
+94.5000E-09,+3.2940351255238E+00
+95.0000E-09,+3.2940351255238E+00
+95.5000E-09,+3.2940351255238E+00
+96.0000E-09,+3.2940351255238E+00
+96.5000E-09,+3.2940351255238E+00
+97.0000E-09,+3.2940351255238E+00
+97.5000E-09,+3.2940351255238E+00
+98.0000E-09,+3.2940351255239E+00
+98.5000E-09,+3.3342361301184E+00
+99.0000E-09,+3.3342361301184E+00
+99.5000E-09,+3.3342361301184E+00
+100.0000E-09,+3.3342361301182E+00
+100.5000E-09,+3.2940351255238E+00
+101.0000E-09,+3.2940351255238E+00
+101.5000E-09,+3.2940351255238E+00
+102.0000E-09,+3.2940351255238E+00
+102.5000E-09,+3.2940351255238E+00
+103.0000E-09,+3.2940351255238E+00
+103.5000E-09,+3.2940351255238E+00
+104.0000E-09,+3.2940351255238E+00
+104.5000E-09,+3.2940351255238E+00
+105.0000E-09,+3.2940351255238E+00
+105.5000E-09,+3.2940351255238E+00
+106.0000E-09,+3.2940351255239E+00
+106.5000E-09,+3.3342361301184E+00
+107.0000E-09,+3.3342361301184E+00
+107.5000E-09,+3.3342361301184E+00
+108.0000E-09,+3.3342361301184E+00
+108.5000E-09,+3.3342361301184E+00
+109.0000E-09,+3.3342361301184E+00
+109.5000E-09,+3.3342361301184E+00
+110.0000E-09,+3.3342361301184E+00
+110.5000E-09,+3.3342361301184E+00
+111.0000E-09,+3.3342361301184E+00
+111.5000E-09,+3.3342361301182E+00
+112.0000E-09,+3.2940351255238E+00
+112.5000E-09,+3.2940351255238E+00
+113.0000E-09,+3.2940351255237E+00
+113.5000E-09,+3.2538341209292E+00
+114.0000E-09,+3.2538341209291E+00
+114.5000E-09,+3.2136331163347E+00
+115.0000E-09,+3.2136331163347E+00
+115.5000E-09,+3.2136331163347E+00
+116.0000E-09,+3.2136331163347E+00
+116.5000E-09,+3.2136331163347E+00
+117.0000E-09,+3.2136331163347E+00
+117.5000E-09,+3.2136331163347E+00
+118.0000E-09,+3.2136331163346E+00
+118.5000E-09,+3.1734321117397E+00
+119.0000E-09,+3.0528290979560E+00
+119.5000E-09,+2.9322260841721E+00
+120.0000E-09,+2.7312210611991E+00
+120.5000E-09,+2.4900150336316E+00
+121.0000E-09,+2.2086080014695E+00
+121.5000E-09,+1.8869999647129E+00
+122.0000E-09,+1.5251909233618E+00
+122.5000E-09,+1.1633818820107E+00
+123.0000E-09,+801.5728406597E-03
+123.5000E-09,+479.9648039035E-03
+124.0000E-09,+238.7587763361E-03
+124.5000E-09,-2.4472512310E-03
+125.0000E-09,-163.2512696090E-03
+125.5000E-09,-243.6532787981E-03
+126.0000E-09,-324.0552879870E-03
+126.5000E-09,-324.0552879870E-03
+127.0000E-09,-324.0552879870E-03
+127.5000E-09,-324.0552879870E-03
+128.0000E-09,-324.0552879868E-03
+128.5000E-09,-283.8542833924E-03
+129.0000E-09,-283.8542833923E-03
+129.5000E-09,-243.6532787979E-03
+130.0000E-09,-243.6532787977E-03
+130.5000E-09,-203.4522742033E-03
+131.0000E-09,-203.4522742031E-03
+131.5000E-09,-163.2512696087E-03
+132.0000E-09,-163.2512696086E-03
+132.5000E-09,-123.0502650140E-03
+133.0000E-09,-82.8492604195E-03
+133.5000E-09,-42.6482558249E-03
+134.0000E-09,-2.4472512305E-03
+134.5000E-09,-2.4472512303E-03
+135.0000E-09,+37.7537533641E-03
+135.5000E-09,+37.7537533641E-03
+136.0000E-09,+37.7537533641E-03
+136.5000E-09,+37.7537533641E-03
+137.0000E-09,+37.7537533641E-03
+137.5000E-09,+37.7537533641E-03
+138.0000E-09,+37.7537533639E-03
+138.5000E-09,-2.4472512305E-03
+139.0000E-09,-2.4472512305E-03
+139.5000E-09,-2.4472512305E-03
+140.0000E-09,-2.4472512306E-03
+140.5000E-09,-42.6482558250E-03
+141.0000E-09,-42.6482558250E-03
+141.5000E-09,-42.6482558250E-03
+142.0000E-09,-42.6482558250E-03
+142.5000E-09,-42.6482558250E-03
+143.0000E-09,-42.6482558249E-03
+143.5000E-09,-2.4472512305E-03
+144.0000E-09,-2.4472512305E-03
+144.5000E-09,-2.4472512305E-03
+145.0000E-09,-2.4472512305E-03
+145.5000E-09,-2.4472512305E-03
+146.0000E-09,-2.4472512305E-03
+146.5000E-09,-2.4472512305E-03
+147.0000E-09,-2.4472512307E-03
+147.5000E-09,-42.6482558250E-03
+148.0000E-09,-42.6482558250E-03
+148.5000E-09,-42.6482558252E-03
+149.0000E-09,-82.8492604196E-03
+149.5000E-09,-82.8492604196E-03
+150.0000E-09,-82.8492604196E-03
+150.5000E-09,-82.8492604198E-03
+151.0000E-09,-123.0502650142E-03
+151.5000E-09,-123.0502650142E-03
+152.0000E-09,-123.0502650142E-03
+152.5000E-09,-123.0502650140E-03
+153.0000E-09,-82.8492604196E-03
+153.5000E-09,-82.8492604196E-03
+154.0000E-09,-82.8492604194E-03
+154.5000E-09,-42.6482558250E-03
+155.0000E-09,-42.6482558249E-03
+155.5000E-09,-2.4472512305E-03
+156.0000E-09,-2.4472512303E-03
+156.5000E-09,+37.7537533641E-03
+157.0000E-09,+37.7537533641E-03
+157.5000E-09,+37.7537533641E-03
+158.0000E-09,+37.7537533641E-03
+158.5000E-09,+37.7537533643E-03
+159.0000E-09,+77.9547579591E-03
+159.5000E-09,+158.3567671486E-03
+160.0000E-09,+319.1607855268E-03
+160.5000E-09,+479.9648039055E-03
+161.0000E-09,+721.1708314733E-03
+161.5000E-09,+1.0427788682298E+00
+162.0000E-09,+1.3643869049864E+00
+162.5000E-09,+1.6859949417431E+00
+163.0000E-09,+2.0478039830942E+00
+163.5000E-09,+2.4096130244451E+00
+164.0000E-09,+2.7312210612014E+00
+164.5000E-09,+3.0126280933631E+00
+165.0000E-09,+3.2538341209301E+00
+165.5000E-09,+3.4146381393081E+00
+166.0000E-09,+3.5352411530914E+00
+166.5000E-09,+3.5754421576858E+00
+167.0000E-09,+3.5754421576858E+00
+167.5000E-09,+3.5754421576858E+00
+168.0000E-09,+3.5754421576858E+00
+168.5000E-09,+3.5754421576855E+00
+169.0000E-09,+3.5352411530910E+00
+169.5000E-09,+3.4950401484966E+00
+170.0000E-09,+3.4950401484964E+00
+170.5000E-09,+3.4548391439021E+00
+171.0000E-09,+3.4548391439018E+00
+171.5000E-09,+3.4146381393075E+00
+172.0000E-09,+3.4146381393073E+00
+172.5000E-09,+3.3744371347129E+00
+173.0000E-09,+3.3744371347127E+00
+173.5000E-09,+3.3342361301184E+00
+174.0000E-09,+3.3342361301181E+00
+174.5000E-09,+3.2940351255238E+00
+175.0000E-09,+3.2940351255236E+00
+175.5000E-09,+3.2538341209292E+00
+176.0000E-09,+3.2538341209292E+00
+176.5000E-09,+3.2538341209292E+00
+177.0000E-09,+3.2538341209292E+00
+177.5000E-09,+3.2538341209295E+00
+178.0000E-09,+3.2940351255238E+00
+178.5000E-09,+3.2940351255238E+00
+179.0000E-09,+3.2940351255238E+00
+179.5000E-09,+3.2940351255238E+00
+180.0000E-09,+3.2940351255238E+00
+180.5000E-09,+3.2940351255238E+00
+181.0000E-09,+3.2940351255238E+00
+181.5000E-09,+3.2940351255238E+00
+182.0000E-09,+3.2940351255238E+00
+182.5000E-09,+3.2940351255238E+00
+183.0000E-09,+3.2940351255238E+00
+183.5000E-09,+3.2940351255238E+00
+184.0000E-09,+3.2940351255238E+00
+184.5000E-09,+3.2940351255236E+00
+185.0000E-09,+3.2538341209292E+00
+185.5000E-09,+3.2538341209295E+00
+186.0000E-09,+3.2940351255238E+00
+186.5000E-09,+3.2940351255238E+00
+187.0000E-09,+3.2940351255238E+00
+187.5000E-09,+3.2940351255241E+00
+188.0000E-09,+3.3342361301184E+00
+188.5000E-09,+3.3342361301184E+00
+189.0000E-09,+3.3342361301186E+00
+189.5000E-09,+3.3744371347129E+00
+190.0000E-09,+3.3744371347129E+00
+190.5000E-09,+3.3744371347129E+00
+191.0000E-09,+3.3744371347132E+00
+191.5000E-09,+3.4146381393075E+00
+192.0000E-09,+3.4146381393075E+00
+192.5000E-09,+3.4146381393072E+00
+193.0000E-09,+3.3744371347129E+00
+193.5000E-09,+3.3744371347127E+00
+194.0000E-09,+3.3342361301184E+00
+194.5000E-09,+3.3342361301184E+00
+195.0000E-09,+3.3342361301184E+00
+195.5000E-09,+3.3342361301181E+00
+196.0000E-09,+3.2940351255238E+00
+196.5000E-09,+3.2940351255235E+00
+197.0000E-09,+3.2538341209292E+00
+197.5000E-09,+3.2538341209292E+00
+198.0000E-09,+3.2538341209292E+00
+198.5000E-09,+3.2538341209292E+00
+199.0000E-09,+3.2538341209292E+00
+199.5000E-09,+3.2538341209287E+00
+200.0000E-09,+3.1734321117393E+00
+200.5000E-09,+3.0528290979553E+00
+201.0000E-09,+2.8920250795765E+00
+201.5000E-09,+2.6508190520091E+00
+202.0000E-09,+2.4096130244412E+00
+202.5000E-09,+2.0880049876846E+00
+203.0000E-09,+1.7663969509279E+00
+203.5000E-09,+1.4045879095767E+00
+204.0000E-09,+1.0427788682257E+00
+204.5000E-09,+680.9698268749E-03
+205.0000E-09,+359.3617901189E-03
+205.5000E-09,+118.1557625518E-03
+206.0000E-09,-82.8492604205E-03
+206.5000E-09,-203.4522742039E-03
+207.0000E-09,-283.8542833927E-03
+207.5000E-09,-324.0552879870E-03
+208.0000E-09,-324.0552879870E-03
+208.5000E-09,-324.0552879870E-03
+209.0000E-09,-324.0552879867E-03
+209.5000E-09,-283.8542833924E-03
+210.0000E-09,-283.8542833921E-03
+210.5000E-09,-243.6532787979E-03
+211.0000E-09,-243.6532787976E-03
+211.5000E-09,-203.4522742030E-03
+212.0000E-09,-163.2512696087E-03
+212.5000E-09,-163.2512696087E-03
+213.0000E-09,-163.2512696084E-03
+213.5000E-09,-123.0502650142E-03
+214.0000E-09,-123.0502650139E-03
+214.5000E-09,-82.8492604193E-03
+215.0000E-09,-42.6482558250E-03
+215.5000E-09,-42.6482558250E-03
+216.0000E-09,-42.6482558247E-03
+216.5000E-09,-2.4472512308E-03
+217.0000E-09,-42.6482558250E-03
+217.5000E-09,-42.6482558250E-03
+218.0000E-09,-42.6482558250E-03
+218.5000E-09,-42.6482558250E-03
+219.0000E-09,-42.6482558250E-03
+219.5000E-09,-42.6482558250E-03
+220.0000E-09,-42.6482558247E-03
+220.5000E-09,-2.4472512305E-03
+221.0000E-09,-2.4472512305E-03
+221.5000E-09,-2.4472512305E-03
+222.0000E-09,-2.4472512305E-03
+222.5000E-09,-2.4472512305E-03
+223.0000E-09,-2.4472512305E-03
+223.5000E-09,-2.4472512305E-03
+224.0000E-09,-2.4472512305E-03
+224.5000E-09,-2.4472512305E-03
+225.0000E-09,-2.4472512302E-03
+225.5000E-09,+37.7537533638E-03
+226.0000E-09,-2.4472512305E-03
+226.5000E-09,-2.4472512305E-03
+227.0000E-09,-2.4472512308E-03
+227.5000E-09,-42.6482558250E-03
+228.0000E-09,-42.6482558250E-03
+228.5000E-09,-42.6482558254E-03
+229.0000E-09,-82.8492604196E-03
+229.5000E-09,-82.8492604199E-03
+230.0000E-09,-123.0502650142E-03
+230.5000E-09,-123.0502650142E-03
+231.0000E-09,-123.0502650142E-03
+231.5000E-09,-123.0502650142E-03
+232.0000E-09,-123.0502650142E-03
+232.5000E-09,-123.0502650142E-03
+233.0000E-09,-123.0502650142E-03
+233.5000E-09,-123.0502650138E-03
+234.0000E-09,-82.8492604196E-03
+234.5000E-09,-82.8492604196E-03
+235.0000E-09,-82.8492604193E-03
+235.5000E-09,-42.6482558250E-03
+236.0000E-09,-42.6482558247E-03
+236.5000E-09,-2.4472512305E-03
+237.0000E-09,-2.4472512305E-03
+237.5000E-09,-2.4472512301E-03
+238.0000E-09,+37.7537533641E-03
+238.5000E-09,+37.7537533637E-03
+239.0000E-09,-2.4472512301E-03
+239.5000E-09,+37.7537533641E-03
+240.0000E-09,+37.7537533644E-03
+240.5000E-09,+77.9547579593E-03
+241.0000E-09,+158.3567671491E-03
+241.5000E-09,+319.1607855277E-03
+242.0000E-09,+520.1658085008E-03
+242.5000E-09,+761.3718360686E-03
+243.0000E-09,+1.0427788682308E+00
+243.5000E-09,+1.3643869049877E+00
+244.0000E-09,+1.7261959463388E+00
+244.5000E-09,+2.0880049876895E+00
+245.0000E-09,+2.4096130244460E+00
+245.5000E-09,+2.7312210612022E+00
+246.0000E-09,+3.0126280933638E+00
+246.5000E-09,+3.2538341209305E+00
+247.0000E-09,+3.4146381393081E+00
+247.5000E-09,+3.4950401484973E+00
+248.0000E-09,+3.5754421576858E+00
+248.5000E-09,+3.5754421576858E+00
+249.0000E-09,+3.5754421576858E+00
+249.5000E-09,+3.5754421576858E+00
